,PLAYER_ID,PLAYER,DFGM,DFGA,DFG%,OFG%,diff
0,101187,"Anderson, Alan",162.0,352.0,0.4602272727272727,0.445684272363157,-0.01454300036411571
1,202711,"Bogdanovic, Bojan",120.0,297.0,0.40404040404040403,0.4420880110937209,0.03804760705331689
3,203900,"Brown, Markel",19.0,45.0,0.4222222222222222,0.44111659825493427,0.018894376032712046
4,201152,"Young, Thaddeus",250.0,507.0,0.4930966469428008,0.46034152006651613,-0.03275512687628468
5,101114,"Williams, Deron",144.0,313.0,0.46006389776357826,0.4391174785698942,-0.020946419193684063
6,101127,"Jack, Jarrett",230.0,514.0,0.4474708171206226,0.441937504428296,-0.005533312692326597
7,203486,"Plumlee, Mason",248.0,478.0,0.5188284518828452,0.4811407884954183,-0.037687663387426906
8,202721,"Morris, Darius",24.0,48.0,0.5,0.4421309734211621,-0.05786902657883791
9,201961,"Ellington, Wayne",110.0,264.0,0.4166666666666667,0.4381946783207418,0.02152801165407514
10,202391,"Lin, Jeremy",200.0,425.0,0.47058823529411764,0.44583791275182527,-0.02475032254229237
12,201941,"Hill, Jordan",273.0,529.0,0.5160680529300568,0.4804212602451387,-0.03564679268491805
13,2584,"Green, Willie",67.0,169.0,0.39644970414201186,0.4389833141751382,0.042533610033126334
14,203935,"Smart, Marcus",127.0,279.0,0.4551971326164875,0.4378132819225117,-0.0173838506939758
15,203923,"Young, James",25.0,54.0,0.46296296296296297,0.43119965718880704,-0.031763305774155925
16,201973,"Jerebko, Jonas",118.0,267.0,0.4419475655430712,0.45977203002010547,0.017824464477034285
17,203109,"Crowder, Jae",127.0,279.0,0.4551971326164875,0.4519616961196869,-0.003235436496800581
18,202738,"Thomas, Isaiah",129.0,295.0,0.43728813559322033,0.4311655373293583,-0.0061225982638620224
19,201166,"Brooks, Aaron",130.0,290.0,0.4482758620689655,0.4437940080299051,-0.004481854039060429
20,2550,"Hinrich, Kirk",146.0,325.0,0.4492307692307692,0.4368395755394662,-0.012391193691303037
21,201959,"Gibson, Taj",185.0,421.0,0.43942992874109266,0.4698429674989254,0.030413038757832744
25,201149,"Noah, Joakim",248.0,587.0,0.42248722316865417,0.4731128686800502,0.050625645511396034
27,2734,"Harris, Devin",129.0,300.0,0.43,0.4380494056371821,0.008049405637182094
28,200826,"Barea, Jose Juan",98.0,224.0,0.4375,0.4361666052978951,-0.0013333947021049175
31,201571,"Augustin, D.J.",165.0,349.0,0.47277936962750716,0.4346190995686042,-0.03816027005890299
35,203083,"Drummond, Andre",284.0,580.0,0.4896551724137931,0.4857089425336156,-0.00394622988017751
38,101249,"Lucas III, John",6.0,16.0,0.375,0.4319020649064209,0.05690206490642091
39,203915,"Dinwiddie, Spencer",28.0,57.0,0.49122807017543857,0.43158618291546846,-0.059641887259970106
41,101139,"Miles, CJ",120.0,277.0,0.4332129963898917,0.44295095703054893,0.00973796064065724
42,201588,"Hill, George",60.0,143.0,0.4195804195804196,0.4421468028496334,0.02256638326921384
43,201228,"Watson, CJ",116.0,278.0,0.4172661870503597,0.4330733927993346,0.015807205748974873
46,203963,"Whittington, Shayne",14.0,27.0,0.5185185185185185,0.4542966409921799,-0.06422187752633857
48,2561,"West, David",165.0,353.0,0.46742209631728043,0.4587869189673013,-0.00863517734997915
50,203524,"Hill, Solomon",222.0,486.0,0.4567901234567901,0.4465865964382738,-0.01020352701851629
55,204025,"Frazier, Tim",13.0,36.0,0.3611111111111111,0.4360330828760411,0.07492197176492998
56,203457,"Noel, Nerlens",280.0,551.0,0.5081669691470054,0.47569036546861215,-0.03247660367839328
57,203924,"Grant, Jerami",96.0,238.0,0.40336134453781514,0.44341453788412855,0.04005319334631341
59,203960,"Sampson, JaKarr",100.0,222.0,0.45045045045045046,0.4456566170969183,-0.004793833353532173
62,201601,"Mbah a Moute, Luc",198.0,470.0,0.42127659574468085,0.46178889027068376,0.04051229452600291
67,202322,"Wall, John",201.0,469.0,0.42857142857142855,0.44157097548515317,0.012999546913724624
69,101162,"Gortat, Marcin",290.0,650.0,0.4461538461538462,0.4742585015317962,0.02810465537795004
70,202066,"Temple, Garrett",76.0,169.0,0.44970414201183434,0.426841479176717,-0.022862662835117342
71,1718,"Pierce, Paul",172.0,415.0,0.41445783132530123,0.4451143008310284,0.030656469505727146
74,2743,"Humphries, Kris",169.0,367.0,0.4604904632152589,0.4544618554394386,-0.0060286077758202605
85,2403,Nene,165.0,363.0,0.45454545454545453,0.4627933712012972,0.00824791665584268
90,201568,"Gallinari, Danilo",95.0,202.0,0.47029702970297027,0.4481466947813771,-0.022150334921593184
91,203994,"Nurkic, Jusuf",148.0,326.0,0.4539877300613497,0.47681460394447545,0.022826873883125764
92,201951,"Lawson, Ty",202.0,428.0,0.4719626168224299,0.44132653710356085,-0.030636079718869058
93,201581,"Hickson, JJ",183.0,368.0,0.49728260869565216,0.4648507224618882,-0.032431886233763974
97,2225,"Parker, Tony",131.0,277.0,0.4729241877256318,0.44473608332487763,-0.028188104400754144
99,201988,"Mills, Patty",39.0,108.0,0.3611111111111111,0.43236332919761655,0.07125221808650545
100,1495,"Duncan, Tim",268.0,581.0,0.4612736660929432,0.4798166858287618,0.018543019735818622
103,1938,"Ginobili, Manu",79.0,180.0,0.4388888888888889,0.4530957647560167,0.014206875867127822
108,204038,"Galloway, Langston",59.0,175.0,0.33714285714285713,0.43613752534333977,0.09899466820048264
109,200811,"Amundson, Lou",87.0,181.0,0.48066298342541436,0.47525292971691824,-0.005410053708496121
111,201160,"Smith, Jason",183.0,394.0,0.46446700507614214,0.4636918680252255,-0.0007751370509166411
117,202681,"Irving, Kyrie",228.0,527.0,0.43263757115749524,0.4430970818774884,0.010459510719993181
119,202684,"Thompson, Tristan",272.0,577.0,0.4714038128249567,0.46843986100741536,-0.0029639518175413326
120,2034,"Miller, Mike",66.0,145.0,0.45517241379310347,0.44866337816976143,-0.006509035623342041
121,203516,"Ennis, James",87.0,157.0,0.554140127388535,0.44418471564488876,-0.10995541174364626
122,2617,"Haslem, Udonis",88.0,170.0,0.5176470588235295,0.46564780019437735,-0.05199925862915211
123,2590,"Williams, Mo",180.0,366.0,0.4918032786885246,0.4436726020047602,-0.04813067668376436
132,203897,"LaVine, Zach",153.0,288.0,0.53125,0.441186397108277,-0.090063602891723
135,201579,"Hibbert, Roy",188.0,471.0,0.3991507430997877,0.4812281362018072,0.0820773931020195
138,101133,"Mahinmi, Ian",96.0,230.0,0.41739130434782606,0.47186464014861423,0.05447333580078817
139,202388,"Sloan, Donald",131.0,269.0,0.48698884758364314,0.4403015050949717,-0.04668734248867146
146,204014,"Rudez, Damjan",67.0,159.0,0.42138364779874216,0.43847825533932855,0.017094607540586393
148,2564,"Diaw, Boris",228.0,486.0,0.4691358024691358,0.4597765334338542,-0.009359269035281559
151,203501,"Hardaway Jr., Tim",177.0,350.0,0.5057142857142857,0.44685726017584515,-0.05885702553844052
152,203499,"Larkin, Shane",129.0,295.0,0.43728813559322033,0.4389279333160585,0.0016397977228381766
153,101181,"Calderon, Jose",164.0,287.0,0.5714285714285714,0.4379862376183736,-0.13344233381019782
154,202332,"Aldrich, Cole",138.0,257.0,0.5369649805447471,0.48069386995129787,-0.05627111059344919
156,204037,"Wear, Travis",58.0,134.0,0.43283582089552236,0.44346116071652664,0.010625339821004276
159,101150,"Williams, Lou",127.0,283.0,0.44876325088339225,0.4374399699767769,-0.01132328090661533
160,202349,"Vasquez, Greivis",136.0,293.0,0.4641638225255973,0.4424682020479795,-0.021695620477617805
161,202685,"Valanciunas, Jonas",268.0,523.0,0.5124282982791587,0.48849357921722525,-0.02393471906193345
162,203082,"Ross, Terrence",215.0,437.0,0.4919908466819222,0.44714001993065633,-0.04485082675126589
164,202690,"Fredette, Jimmer",46.0,107.0,0.42990654205607476,0.4319253474403996,0.002018805384324862
167,201950,"Holiday, Jrue",161.0,365.0,0.4410958904109589,0.44716391236317804,0.006068021952219116
169,203482,"Olynyk, Kelly",184.0,390.0,0.4717948717948718,0.4599324168399663,-0.01186245495490551
170,203515,"Pressey, Phil",46.0,97.0,0.4742268041237113,0.4312167306913004,-0.04301007343241092
171,2557,"Ridnour, Luke",44.0,101.0,0.43564356435643564,0.4295352754690151,-0.006108288887420543
172,203506,"Oladipo, Victor",214.0,448.0,0.47767857142857145,0.44797895950304795,-0.029699611925523506
174,202696,"Vucevic, Nikola",319.0,656.0,0.48628048780487804,0.4790260495983831,-0.007254438206494962
175,203521,"Dellavedova, Matthew",109.0,248.0,0.43951612903225806,0.43268319044730613,-0.006832938584951931
178,201147,"Brewer, Corey",170.0,353.0,0.48158640226628896,0.44035574270762995,-0.04123065955865901
179,1891,"Terry, Jason",112.0,250.0,0.448,0.4419488987038822,-0.0060511012961178
181,2746,"Smith, Josh",257.0,602.0,0.4269102990033223,0.46801437830435055,0.04110407930102827
183,203477,"Canaan, Isaiah",50.0,103.0,0.4854368932038835,0.4362248629032883,-0.04921203030059518
185,203088,"Marshall, Kendall",41.0,95.0,0.43157894736842106,0.4231685048672511,-0.008410442501169957
186,203114,"Middleton, Khris",158.0,390.0,0.40512820512820513,0.4421339496075288,0.03700574447932364
187,201162,"Dudley, Jared",163.0,345.0,0.47246376811594204,0.4428072068969782,-0.029656561218963817
190,201564,"Mayo, O.J.",132.0,338.0,0.3905325443786982,0.4350668671983761,0.044534322819677896
192,203901,"Payton, Elfrid",210.0,429.0,0.48951048951048953,0.437272855644331,-0.05223763386615854
193,101112,"Frye, Channing",343.0,670.0,0.5119402985074627,0.4737684429604902,-0.0381718555469725
195,2555,"Collison, Nick",146.0,309.0,0.47249190938511326,0.46081427078035087,-0.011677638604762397
196,2570,"Perkins, Kendrick",148.0,345.0,0.4289855072463768,0.47602572971056684,0.04704022246419004
197,203087,"Lamb, Jeremy",64.0,164.0,0.3902439024390244,0.4374083741163394,0.04716447167731502
198,202704,"Jackson, Reggie",203.0,447.0,0.4541387024608501,0.44689200248280847,-0.007246699978041615
202,202397,"Smith, Ish",34.0,78.0,0.4358974358974359,0.44274793798060763,0.006850502083171728
209,202702,"Faried, Kenneth",229.0,487.0,0.4702258726899384,0.4673371745724715,-0.0028886981174668924
210,101126,"Robinson, Nate",25.0,91.0,0.27472527472527475,0.4315965223997441,0.15687124767446936
212,203914,"Harris, Gary",40.0,96.0,0.4166666666666667,0.43293365945748585,0.016266992790819168
214,203957,"Exum, Dante",150.0,327.0,0.45871559633027525,0.4432756577260503,-0.015439938604224934
215,203504,"Burke, Trey",241.0,485.0,0.49690721649484537,0.4461603467726381,-0.050746869722207266
218,203100,"Wroten, Tony",74.0,147.0,0.5034013605442177,0.44148434753908483,-0.06191701300513286
219,203487,"Carter-Williams, Michael",145.0,352.0,0.4119318181818182,0.4450106493925177,0.033078831210699544
222,202339,"Bledsoe, Eric",267.0,621.0,0.42995169082125606,0.4429407377456791,0.012989046924423042
227,1890,"Marion, Shawn",95.0,242.0,0.3925619834710744,0.44059808441857895,0.048036100947504545
228,2760,"Varejao, Anderson",150.0,286.0,0.5244755244755245,0.48088677699247945,-0.04358874748304503
230,2544,"James, LeBron",137.0,312.0,0.4391025641025641,0.45486537241092295,0.015762808308358855
235,2207,"Johnson, Joe",214.0,459.0,0.4662309368191721,0.4488017749600588,-0.017429161859113307
238,203561,"Davies, Brandon",77.0,140.0,0.55,0.459905970953848,-0.09009402904615205
239,2757,"Udrih, Beno",136.0,298.0,0.4563758389261745,0.43787647761679016,-0.018499361309384343
243,202323,"Turner, Evan",196.0,473.0,0.4143763213530655,0.4436232559855058,0.02924693463244027
254,202703,"Mirotic, Nikola",159.0,325.0,0.48923076923076925,0.46243562693690066,-0.02679514229386859
255,203145,"Bazemore, Kent",100.0,215.0,0.46511627906976744,0.4453259765878629,-0.019790302481904554
256,201143,"Horford, Al",241.0,538.0,0.4479553903345725,0.4739175827208784,0.025962192386305927
258,201960,"Carroll, DeMarre",193.0,451.0,0.4279379157427938,0.4465763245776156,0.018638408834821818
260,201952,"Teague, Jeff",157.0,389.0,0.40359897172236503,0.4332734167060056,0.02967444498364058
261,201939,"Curry, Stephen",199.0,506.0,0.3932806324110672,0.43901351563681157,0.04573288322574437
262,203084,"Barnes, Harrison",190.0,410.0,0.4634146341463415,0.44903717545739685,-0.014377458688944633
263,201575,"Rush, Brandon",17.0,34.0,0.5,0.4433223922270028,-0.056677607772997185
265,202691,"Thompson, Klay",204.0,491.0,0.4154786150712831,0.44102485026934285,0.025546235198059764
267,201578,"Speights, Marreese",181.0,340.0,0.5323529411764706,0.474402990867324,-0.05794995030914657
269,2733,"Livingston, Shaun",105.0,252.0,0.4166666666666667,0.43603445468173385,0.019367788015067167
271,2738,"Iguodala, Andre",146.0,324.0,0.4506172839506173,0.4437696819106041,-0.006847602040013168
272,203110,"Green, Draymond",283.0,712.0,0.39747191011235955,0.46127557137838704,0.06380366126602749
273,2581,"Blake, Steve",153.0,338.0,0.4526627218934911,0.439018506468834,-0.013644215424657102
274,203459,"Crabbe, Allen",43.0,102.0,0.4215686274509804,0.4315125587436878,0.00994393129270743
276,2549,"Kaman, Chris",191.0,409.0,0.4669926650366748,0.47856960503743995,0.011576940000765146
278,201587,"Batum, Nicolas",204.0,491.0,0.4154786150712831,0.45048871328958606,0.035010098218302976
279,200746,"Aldridge, LaMarcus",289.0,616.0,0.46915584415584416,0.4689573544437688,-0.00019848971207536703
280,203081,"Lillard, Damian",239.0,550.0,0.43454545454545457,0.4434988416869552,0.008953387141500624
284,200777,"Freeland, Joel",72.0,166.0,0.43373493975903615,0.4675392198521372,0.03380428009310105
287,202083,"Matthews, Wesley",191.0,462.0,0.4134199134199134,0.4440538522236216,0.030633938803708183
289,2037,"Crawford, Jamal",118.0,251.0,0.4701195219123506,0.43945954143483335,-0.03065998047751728
290,201175,"Davis, Glen",79.0,169.0,0.46745562130177515,0.4691889972565626,0.0017333759547874528
291,200770,"Farmar, Jordan",62.0,140.0,0.44285714285714284,0.43868296040459887,-0.004174182452543973
292,200755,"Redick, JJ",206.0,476.0,0.4327731092436975,0.44906212784636834,0.016289018602670846
296,101108,"Paul, Chris",203.0,482.0,0.4211618257261411,0.44686261117274995,0.025700785446608865
297,201933,"Griffin, Blake",268.0,573.0,0.4677137870855148,0.46965292357394245,0.0019391364884276396
298,203894,"Napier, Shabazz",117.0,232.0,0.5043103448275862,0.44300937257639444,-0.06130097225119174
305,202699,"Harris, Tobias",212.0,475.0,0.4463157894736842,0.4548183477102208,0.008502558236536562
312,201155,"Stuckey, Rodney",143.0,320.0,0.446875,0.4450338775245348,-0.0018411224754651956
314,202730,"Allen, Lavoy",131.0,292.0,0.4486301369863014,0.4713400117381399,0.0227098747518385
317,202962,"Smith, Greg",57.0,126.0,0.4523809523809524,0.4724756290301308,0.02009467664917841
318,101111,"Villanueva, Charlie",68.0,139.0,0.4892086330935252,0.44744591825989793,-0.04176271483362726
320,2571,"Barbosa, Leandro",53.0,120.0,0.44166666666666665,0.4337298566001476,-0.007936810066519029
327,203136,"Kuzmic, Ognjen",13.0,23.0,0.5652173913043478,0.47868192236452245,-0.08653546893982533
334,200782,"Tucker, PJ",191.0,435.0,0.43908045977011495,0.44718101656239045,0.008100556792275504
336,203458,"Len, Alex",240.0,529.0,0.45368620037807184,0.47327494730723924,0.0195887469291674
346,202334,"Davis, Ed",229.0,446.0,0.5134529147982063,0.4701934390369209,-0.043259475761285415
347,202333,"Henry, Xavier",9.0,17.0,0.5294117647058824,0.43115380705986717,-0.09825795764601519
348,101179,"Price, Ronnie",96.0,204.0,0.47058823529411764,0.44969687553868154,-0.0208913597554361
352,203471,"Schroder, Dennis",113.0,227.0,0.4977973568281938,0.4339932812976922,-0.0638040755305016
355,201583,"Anderson, Ryan",212.0,424.0,0.5,0.45762220436058026,-0.042377795639419735
358,203085,"Rivers, Austin",130.0,251.0,0.5179282868525896,0.44507818806868854,-0.07285009878390108
359,201600,"Asik, Omer",282.0,575.0,0.49043478260869566,0.48624216485787014,-0.0041926177508255225
360,203143,"Prigioni, Pablo",82.0,180.0,0.45555555555555555,0.44177983212657235,-0.0137757234289832
365,202347,"Pondexter, Quincy",126.0,258.0,0.4883720930232558,0.4370382714919861,-0.0513338215312697
368,201573,"Bayless, Jerryd",132.0,312.0,0.4230769230769231,0.43368530785123366,0.010608384774310586
374,203473,"Dedmon, Dewayne",65.0,153.0,0.42483660130718953,0.4798777968379634,0.055041195530773857
375,203090,"Harkless, Maurice",49.0,98.0,0.5,0.45075873247831705,-0.04924126752168295
376,203094,"Nicholson, Andrew",24.0,57.0,0.42105263157894735,0.4522621412807701,0.031209509701822735
380,202389,"Mozgov, Timofey",309.0,633.0,0.4881516587677725,0.47882012773075155,-0.009331531037020946
383,201567,"Love, Kevin",308.0,664.0,0.463855421686747,0.4689661652964142,0.005110743609667234
388,101122,"Granger, Danny",66.0,143.0,0.46153846153846156,0.4424774020982046,-0.01906105944025699
389,2547,"Bosh, Chris",225.0,474.0,0.47468354430379744,0.4701357725419495,-0.004547771761847952
390,2548,"Wade, Dwyane",89.0,228.0,0.39035087719298245,0.4420438976440351,0.051693020451052674
392,2365,"Andersen, Chris",142.0,257.0,0.5525291828793775,0.480807264235947,-0.07172191864343047
394,200761,"Williams, Shawne",141.0,286.0,0.493006993006993,0.46607726217502216,-0.026929730831970866
395,203952,"Wiggins, Andrew",307.0,636.0,0.4827044025157233,0.4518453088541924,-0.03085909366153089
396,203476,"Dieng, Gorgui",316.0,617.0,0.5121555915721232,0.47201993309354295,-0.04013565847858025
397,203133,"Hummel, Robbie",74.0,170.0,0.43529411764705883,0.453884127837053,0.018590010189994177
405,201168,"Splitter, Tiago",113.0,246.0,0.45934959349593496,0.47559346074923986,0.0162438672533049
408,201980,"Green, Danny",206.0,491.0,0.4195519348268839,0.4435178732491974,0.023965938422313482
417,203112,"Acy, Quincy",114.0,266.0,0.42857142857142855,0.46281225916964464,0.03424083059821609
419,201946,"Hansbrough, Tyler",93.0,173.0,0.5375722543352601,0.46907992243019914,-0.06849233190506099
422,202335,"Patterson, Patrick",206.0,457.0,0.45076586433260396,0.45614113421639296,0.005375269883789002
423,201936,"Evans, Tyreke",225.0,489.0,0.4601226993865031,0.44396813169986027,-0.016154567686642807
424,201145,"Green, Jeff",211.0,456.0,0.46271929824561403,0.44690782491566,-0.01581147332995403
425,203092,"Zeller, Tyler",241.0,527.0,0.4573055028462998,0.4857444604845523,0.028438957638252493
426,202340,"Bradley, Avery",194.0,432.0,0.44907407407407407,0.43962129994555926,-0.009452774128514807
427,203096,"Sullinger, Jared",225.0,496.0,0.4536290322580645,0.46550842112937174,0.01187938887130724
429,2730,"Howard, Dwight",147.0,303.0,0.48514851485148514,0.47559173747395,-0.00955677737753513
430,201935,"Harden, James",253.0,577.0,0.43847487001733104,0.4566338800882841,0.018159010070953052
431,203089,"Henson, John",125.0,292.0,0.4280821917808219,0.45991205572043614,0.031829863939614234
433,201586,"Ibaka, Serge",321.0,780.0,0.4115384615384615,0.4703384459384342,0.05879998439997269
435,2585,"Pachulia, Zaza",186.0,403.0,0.46153846153846156,0.47273737476577865,0.011198913227317087
437,202087,"Gee, Alonzo",35.0,99.0,0.35353535353535354,0.43859036264992235,0.08505500911456881
440,203497,"Gobert, Rudy",182.0,464.0,0.3922413793103448,0.47753886827739556,0.08529748896705075
447,2747,"Smith, J.R.",135.0,314.0,0.4299363057324841,0.4372974071155305,0.007361101383046409
448,2546,"Anthony, Carmelo",141.0,294.0,0.47959183673469385,0.4524058705674582,-0.027185966167235676
449,2200,"Gasol, Pau",323.0,682.0,0.4736070381231672,0.4919524227082158,0.01834538458504864
454,1882,"Brand, Elton",29.0,64.0,0.453125,0.4646833449164258,0.011558344916425822
472,201985,"Price, A.J.",28.0,66.0,0.42424242424242425,0.4284326458063189,0.004190221563894647
474,2449,"Scola, Luis",136.0,287.0,0.4738675958188153,0.46264906595945055,-0.011218529859364779
476,202329,"Aminu, Al-Farouq",124.0,281.0,0.4412811387900356,0.4491826658743328,0.0079015270842972
478,202718,"Parsons, Chandler",169.0,381.0,0.4435695538057743,0.4426657401956181,-0.0009038136101561789
488,201572,"Lopez, Brook",242.0,507.0,0.47731755424063116,0.4824167002992156,0.005099146058584414
502,203135,"Sacre, Robert",123.0,257.0,0.4785992217898833,0.47530274307482195,-0.003296478715061335
510,203527,"Kelly, Ryan",64.0,154.0,0.4155844155844156,0.4473353511774707,0.031750935593055085
542,101138,"Bass, Brandon",174.0,377.0,0.46153846153846156,0.45726230666085854,-0.004276154877603022
553,203503,"Snell, Tony",83.0,193.0,0.43005181347150256,0.45243526859107325,0.022383455119570683
567,2210,"Jefferson, Richard",119.0,249.0,0.4779116465863454,0.4462720409247198,-0.0316396056616256
568,2199,"Chandler, Tyson",293.0,629.0,0.465818759936407,0.4744074558623246,0.0085886959259176
569,2405,"Stoudemire, Amar'e",118.0,265.0,0.44528301886792454,0.4893270996950494,0.044044080827124854
580,1717,"Nowitzki, Dirk",278.0,542.0,0.5129151291512916,0.4676200321969793,-0.045295096954312275
583,202683,"Kanter, Enes",285.0,563.0,0.5062166962699822,0.47305682528121434,-0.03315987098876788
603,202328,"Monroe, Greg",281.0,584.0,0.4811643835616438,0.47658135180305283,-0.004583031758590983
604,201229,"Tolliver, Anthony",137.0,259.0,0.528957528957529,0.4626100195299962,-0.06634750942753281
608,202713,"Singler, Kyle",201.0,461.0,0.4360086767895879,0.4456457906345734,0.009637113844985501
637,203496,"Covington, Robert",169.0,350.0,0.4828571428571429,0.45227600996379497,-0.030581132893347907
661,201971,"Blair, DeJuan",10.0,20.0,0.5,0.43891768781712553,-0.061082312182874465
680,202338,"Seraphin, Kevin",128.0,273.0,0.46886446886446886,0.47157638639963007,0.0027119175351612013
684,203078,"Beal, Bradley",166.0,352.0,0.4715909090909091,0.4423447404237713,-0.029246168667137806
688,201163,"Chandler, Wilson",223.0,516.0,0.4321705426356589,0.4483821235873342,0.016211580951675297
695,201580,"McGee, JaVale",50.0,87.0,0.5747126436781609,0.48208628464821995,-0.09262635902994093
702,203382,"Baynes, Aron",120.0,276.0,0.43478260869565216,0.4664820345064766,0.03169942581082441
706,2588,"Bonner, Matt",99.0,232.0,0.4267241379310345,0.4585068083976785,0.031782670466644014
707,202695,"Leonard, Kawhi",150.0,334.0,0.4491017964071856,0.45178670203746407,0.0026849056302784557
734,2217,"Haywood, Brendan",13.0,33.0,0.3939393939393939,0.47098296220496616,0.07704356826557224
754,201978,"Budinger, Chase",79.0,154.0,0.512987012987013,0.4383969389249266,-0.0745900740620864
760,203584,"Daniels, Troy",24.0,52.0,0.46153846153846156,0.444117287975859,-0.017421173562602588
767,203507,"Antetokounmpo, Giannis",216.0,467.0,0.4625267665952891,0.44769992035461703,-0.014826846240672042
783,203124,"O'Quinn, Kyle",103.0,226.0,0.4557522123893805,0.4849247206077879,0.02917250821840739
787,203500,"Adams, Steven",211.0,470.0,0.44893617021276594,0.481156254472762,0.03222008425999606
791,201566,"Westbrook, Russell",129.0,296.0,0.4358108108108108,0.44945009777598166,0.01363928696517086
794,202336,"Sanders, Larry",102.0,220.0,0.4636363636363636,0.47972141174964505,0.01608504811328143
801,202688,"Knight, Brandon",191.0,431.0,0.4431554524361949,0.43667832099365816,-0.006477131442536754
818,202324,"Favors, Derrick",243.0,571.0,0.425569176882662,0.47416126884380466,0.04859209196114267
827,202692,"Burks, Alec",118.0,239.0,0.49372384937238495,0.45395514066753473,-0.03976870870485022
830,203918,"Hood, Rodney",77.0,164.0,0.4695121951219512,0.43531164785237014,-0.03420054726958105
833,203138,"Thompson, Hollis",138.0,320.0,0.43125,0.44195386155412747,0.010703861554127447
834,203156,"Sims, Henry",172.0,339.0,0.5073746312684366,0.4768255201693345,-0.030549111099102133
843,203909,"McDaniels, KJ",141.0,327.0,0.43119266055045874,0.4486928813822148,0.017500220831756064
860,202694,"Morris, Marcus",184.0,406.0,0.45320197044334976,0.4436059916234626,-0.009595978819887163
861,203101,"Plumlee, Miles",217.0,436.0,0.49770642201834864,0.47611181626390753,-0.02159460575444111
864,101123,"Green, Gerald",134.0,287.0,0.46689895470383275,0.43830919224635034,-0.028589762457482404
896,203508,"Karasev, Sergey",59.0,125.0,0.472,0.4328512906392091,-0.0391487093607909
899,201188,"Gasol, Marc",250.0,575.0,0.43478260869565216,0.47452110276568016,0.039738494070027996
901,201144,"Conley, Mike",215.0,459.0,0.4684095860566449,0.43643158247537195,-0.03197800358127295
905,201585,"Koufos, Kosta",135.0,301.0,0.4485049833887043,0.4781826237008782,0.029677640312173903
907,201584,"Lee, Courtney",188.0,414.0,0.45410628019323673,0.43947318043168554,-0.014633099761551194
908,2754,"Allen, Tony",107.0,295.0,0.36271186440677966,0.4397881117423418,0.07707624733556212
911,2216,"Randolph, Zach",222.0,461.0,0.48156182212581344,0.4645215534759807,-0.017040268649832768
929,201977,"Thornton, Marcus",52.0,121.0,0.4297520661157025,0.43819644011809633,0.00844437400239384
935,2223,"Dalembert, Samuel",82.0,197.0,0.41624365482233505,0.478088740202045,0.06184508537970995
970,2594,"Korver, Kyle",215.0,498.0,0.43172690763052207,0.4427060280854755,0.010979120454953417
972,200794,"Millsap, Paul",329.0,681.0,0.4831130690161527,0.4675841654018867,-0.01552890361426601
978,101106,"Bogut, Andrew",162.0,412.0,0.3932038834951456,0.48302508952617995,0.08982120603103433
994,201577,"Lopez, Robin",188.0,405.0,0.4641975308641975,0.47855059171500436,0.014353060850806842
1013,201599,"Jordan, DeAndre",368.0,765.0,0.48104575163398694,0.47579285163502955,-0.005252899998957394
1031,201596,"Chalmers, Mario",154.0,378.0,0.4074074074074074,0.4403358080651764,0.03292840065776903
1053,203095,"Fournier, Evan",128.0,275.0,0.46545454545454545,0.44874921745756713,-0.016705327996978325
1064,203142,"Copeland, Chris",85.0,188.0,0.4521276595744681,0.44947578858583553,-0.0026518709886325653
1088,201148,"Wright, Brandan",136.0,301.0,0.45182724252491696,0.4637370318817215,0.011909789356804534
1146,977,"Bryant, Kobe",127.0,257.0,0.49416342412451364,0.45050645131160744,-0.0436569728129062
1161,2430,"Boozer, Carlos",161.0,345.0,0.4666666666666667,0.46546840390821864,-0.001198262758448032
1171,200757,"Sefolosha, Thabo",85.0,207.0,0.4106280193236715,0.43746304830056226,0.026835028976890773
1183,203544,"Antic, Pero",78.0,180.0,0.43333333333333335,0.46943685747257763,0.03610352413924428
1194,2736,"Deng, Luol",232.0,521.0,0.44529750479846447,0.4535539490890974,0.008256444290632936
1198,203120,"Hamilton, Justin",39.0,102.0,0.38235294117647056,0.4772451895730423,0.09489224839657173
1221,203076,"Davis, Anthony",236.0,574.0,0.41114982578397213,0.4632489342743702,0.05209910849039806
1241,202697,"Shumpert, Iman",126.0,278.0,0.45323741007194246,0.4414017940514449,-0.011835616020497541
1257,202720,"Leuer, Jon",99.0,218.0,0.4541284403669725,0.4482251490621085,-0.005903291304864
1280,101141,"Ilyasova, Ersan",90.0,195.0,0.46153846153846156,0.4555418118339548,-0.005996649704506751
1292,202366,"Jordan, Jerome",57.0,110.0,0.5181818181818182,0.4795069083856216,-0.03867490979619659
1294,203928,"Jefferson, Cory",37.0,78.0,0.47435897435897434,0.4519560012411189,-0.02240297311785544
1299,203903,"Clarkson, Jordan",80.0,166.0,0.4819277108433735,0.4345704657849643,-0.047357245058409214
1320,2399,"Dunleavy, Mike",124.0,266.0,0.46616541353383456,0.4495172124815538,-0.016648201052280764
1325,200765,"Rondo, Rajon",149.0,318.0,0.46855345911949686,0.4437838439947321,-0.024769615124764777
1331,203460,"Roberson, Andre",116.0,306.0,0.3790849673202614,0.4473625352281072,0.06827756790784578
1336,203484,"Caldwell-Pope, Kentavious",202.0,417.0,0.4844124700239808,0.44524299147678903,-0.03916947854719177
1343,201202,"Anthony, Joel",18.0,60.0,0.3,0.4665391554801805,0.1665391554801805
1351,203490,"Porter, Otto",84.0,216.0,0.3888888888888889,0.4383559164267229,0.049467027537833996
1364,200751,"Foye, Randy",46.0,105.0,0.4380952380952381,0.43651534639430445,-0.0015798917009336444
1376,202130,"Williams, Reggie",9.0,16.0,0.5625,0.4495309182542035,-0.1129690817457965
1391,202708,"Cole, Norris",103.0,250.0,0.412,0.43958577655827946,0.027585776558279484
1453,2772,"Ariza, Trevor",228.0,456.0,0.5,0.4522602603897222,-0.047739739610277776
1464,203103,"Jones, Perry",86.0,161.0,0.5341614906832298,0.45304135709831334,-0.08112013358491649
1478,201167,"Afflalo, Arron",179.0,424.0,0.4221698113207547,0.4417450314760212,0.01957522015526647
1493,202693,"Morris, Markieff",256.0,559.0,0.45796064400715564,0.4648083903400106,0.006847746332854954
1506,1713,"Carter, Vince",65.0,155.0,0.41935483870967744,0.44289376822916965,0.023538929519492213
1528,201565,"Rose, Derrick",179.0,399.0,0.44862155388471175,0.4417652086388461,-0.006856345245865647
1529,203118,"Scott, Mike",81.0,192.0,0.421875,0.45649026386473857,0.034615263864738566
1556,201150,"Hawes, Spencer",153.0,335.0,0.45671641791044776,0.4670791962558477,0.010362778345399948
1557,2045,"Turkoglu, Hedo",51.0,109.0,0.46788990825688076,0.4449361897616859,-0.02295371849519484
1590,201609,"Dragic, Goran",202.0,449.0,0.44988864142538976,0.439392345604174,-0.010496295821215751
1641,2749,"Nelson, Jameer",141.0,293.0,0.4812286689419795,0.4368106324509173,-0.04441803649106224
1643,203115,"Barton, Will",32.0,92.0,0.34782608695652173,0.433645190150499,0.08581910319397729
1667,203912,"Wilcox, CJ",3.0,5.0,0.6,0.43918809661484853,-0.16081190338515144
1691,202710,"Butler, Jimmy",259.0,526.0,0.4923954372623574,0.4493684109802217,-0.04302702628213573
1694,101110,"Webster, Martell",18.0,38.0,0.47368421052631576,0.4375755792681928,-0.03610863125812297
1696,2446,"Butler, Rasual",150.0,324.0,0.46296296296296297,0.4374939569051939,-0.025469006057769084
1748,202709,"Joseph, Cory",145.0,362.0,0.4005524861878453,0.44032844324424697,0.03977595705640169
1768,203461,"Bennett, Anthony",128.0,244.0,0.5245901639344263,0.46308426208738324,-0.06150590184704302
1791,200768,"Lowry, Kyle",218.0,500.0,0.436,0.4457643263871195,0.009764326387119493
1792,201967,"Cunningham, Dante",142.0,294.0,0.48299319727891155,0.4446680176941643,-0.03832517958474724
1794,201569,"Gordon, Eric",123.0,258.0,0.47674418604651164,0.4393199264216453,-0.03742425962486634
1823,203079,"Waiters, Dion",162.0,369.0,0.43902439024390244,0.44365604624167054,0.004631655997768103
1839,201595,"Dorsey, Joey",91.0,198.0,0.4595959595959596,0.4741540304808104,0.014558070884850782
1842,202700,"Motiejunas, Donatas",269.0,566.0,0.4752650176678445,0.47053616288922007,-0.004728854778624447
1854,2732,"Gordon, Ben",49.0,116.0,0.4224137931034483,0.429464728921924,0.007050935818475712
1886,203475,"Green, Erick",16.0,26.0,0.6153846153846154,0.42810052759750705,-0.18728408778710837
1894,202330,"Hayward, Gordon",183.0,404.0,0.452970297029703,0.4517466794333825,-0.0012236175963205032
1895,202344,"Booker, Trevor",112.0,283.0,0.3957597173144876,0.4565221078292982,0.06076239051481058
1898,200779,"Novak, Steve",20.0,35.0,0.5714285714285714,0.448994427713708,-0.12243414371486339
1925,203925,"Harris, Joe",51.0,98.0,0.5204081632653061,0.44100825640078734,-0.07939990686451881
1983,201177,"McRoberts, Josh",32.0,73.0,0.4383561643835616,0.4704720354305264,0.03211587104696478
2020,203468,"McCollum, CJ",45.0,120.0,0.375,0.4311614102866912,0.056161410286691194
2057,203893,"Smith, Russ",2.0,3.0,0.6666666666666666,0.4088759685975827,-0.25779069806908395
2063,201582,"Ajinca, Alexis",109.0,231.0,0.47186147186147187,0.47252102097614335,0.000659549114671476
2114,202325,"Johnson, Wesley",186.0,380.0,0.48947368421052634,0.4536882154581987,-0.03578546875232763
2161,101145,"Ellis, Monta",220.0,532.0,0.41353383458646614,0.4392730737615455,0.025739239175079365
2168,201627,"Morrow, Anthony",118.0,266.0,0.44360902255639095,0.4435415075238649,-6.75150325260554e-05
2175,203956,"McGary, Mitch",23.0,58.0,0.39655172413793105,0.4479120448319698,0.05136032069403873
2181,201975,"Meeks, Jodie",89.0,203.0,0.43842364532019706,0.43606556000961827,-0.0023580853105787947
2275,202498,"Thomas, Lance",51.0,114.0,0.4473684210526316,0.4408848841801348,-0.006483536872496809
2355,202361,"Fields, Landry",33.0,69.0,0.4782608695652174,0.44767548285880604,-0.030585386706411366
2370,201949,"Johnson, James",150.0,365.0,0.410958904109589,0.4450806977880593,0.03412179367847029
2371,101161,"Johnson, Amir",257.0,533.0,0.4821763602251407,0.469630646114527,-0.012545714110613726
2435,201976,"Beverley, Patrick",164.0,350.0,0.4685714285714286,0.4522815830982017,-0.01628984547322687
2444,203948,"O'Bryant, Johnny",46.0,81.0,0.5679012345679012,0.4704769457076929,-0.09742428886020832
2569,203488,"Muscala, Mike",17.0,39.0,0.4358974358974359,0.4594943861738875,0.02359695027645159
2591,203493,"Bullock, Reggie",25.0,61.0,0.4098360655737705,0.4330593096874684,0.023223244113697916
2632,203200,"Holiday, Justin",31.0,89.0,0.34831460674157305,0.4261032628301288,0.07778865608855573
2661,203953,"Parker, Jabari",93.0,180.0,0.5166666666666667,0.45074045041142763,-0.06592621625523909
2962,204060,"Ingles, Joe",112.0,245.0,0.45714285714285713,0.4484610571490981,-0.00868179999375901
3165,200769,"Brown, Shannon",8.0,14.0,0.5714285714285714,0.466249798027743,-0.10517877340082837
3526,201948,"Daye, Austin",37.0,73.0,0.5068493150684932,0.4361876842266061,-0.07066163084188709
3535,203921,"Early, Cleanthony",27.0,57.0,0.47368421052631576,0.4519770454995151,-0.021707165026800646
3716,2419,"Prince, Tayshaun",96.0,209.0,0.45933014354066987,0.4477919721991677,-0.011538171341502146
3851,2592,"Jones, James",51.0,98.0,0.5204081632653061,0.441061542106217,-0.07934662115908914
3866,203922,"Robinson, Glenn",15.0,26.0,0.5769230769230769,0.45222769094692633,-0.12469538597615054
4087,2748,"Wright, Dorell",36.0,101.0,0.3564356435643564,0.44744296508564724,0.09100732152129082
4638,203919,"Adams, Jordan",15.0,27.0,0.5555555555555556,0.4404840995418314,-0.1150714560137242
4639,201979,"Calathes, Nick",31.0,91.0,0.34065934065934067,0.4446653212786265,0.10400598061928584
4669,203530,"Lauvergne, Joffrey",10.0,25.0,0.4,0.4783710109102983,0.0783710109102983
4701,201158,"Belinelli, Marco",84.0,169.0,0.4970414201183432,0.445809629024834,-0.05123179109350917
4702,201965,"Ayres, Jeff",55.0,92.0,0.5978260869565217,0.45439201359300313,-0.1434340733635186
4717,203108,"James, Bernard",7.0,28.0,0.25,0.46317061910228263,0.21317061910228263
4732,201962,"Douglas, Toney",7.0,16.0,0.4375,0.4220590728595907,-0.015440927140409288
4733,202337,"Babbitt, Luke",105.0,211.0,0.4976303317535545,0.45133377823094967,-0.04629655352260481
4743,203481,"Withey, Jeff",27.0,66.0,0.4090909090909091,0.47761668681863195,0.06852577772772284
4750,200752,"Gay, Rudy",217.0,497.0,0.43661971830985913,0.4453586577938038,0.008738939483944663
4753,203463,"McLemore, Ben",240.0,564.0,0.425531914893617,0.4462253480074618,0.02069343311384475
4755,202326,"Cousins, DeMarcus",236.0,514.0,0.4591439688715953,0.48110913928883287,0.021965170417237556
4762,201574,"Thompson, Jason",232.0,455.0,0.5098901098901099,0.4748203813664436,-0.035069728523666244
4764,201956,"Casspi, Omri",78.0,175.0,0.44571428571428573,0.44754508379767755,0.0018307980833918158
4767,201196,"Sessions, Ramon",91.0,183.0,0.4972677595628415,0.4452016622937886,-0.052066097269052924
4812,203086,"Leonard, Meyers",89.0,206.0,0.4320388349514563,0.46809720488368145,0.036058369932225165
4833,101135,"Lee, David",96.0,210.0,0.45714285714285713,0.46991509314226704,0.012772235999409909
4835,2440,"Barnes, Matt",229.0,552.0,0.4148550724637681,0.44913570950453274,0.03428063704076462
4852,2222,"Wallace, Gerald",28.0,55.0,0.509090909090909,0.4403987500937962,-0.06869215899711284
4931,201156,"Young, Nick",74.0,180.0,0.4111111111111111,0.4427062615445423,0.031595150433431196
4968,201142,"Durant, Kevin",85.0,205.0,0.4146341463414634,0.448717216457938,0.0340830701164746
5017,203498,"Muhammad, Shabazz",98.0,230.0,0.4260869565217391,0.4401158005869626,0.014028844065223478
5070,203128,"Aldemir, Furkan",33.0,70.0,0.4714285714285714,0.46936118673236343,-0.0020673846962079856
5095,203469,"Zeller, Cody",210.0,487.0,0.43121149897330596,0.4651496429012974,0.03393814392799144
5096,201945,"Henderson, Gerald",161.0,390.0,0.4128205128205128,0.4408232837145944,0.028002770894081597
5097,203077,"Kidd-Gilchrist, Michael",121.0,279.0,0.4336917562724014,0.4462992497182367,0.012607493445835283
5099,101107,"Williams, Marvin",160.0,351.0,0.45584045584045585,0.46113962662298497,0.005299170782529117
5108,202687,"Biyombo, Bismack",98.0,235.0,0.41702127659574467,0.4836927547532727,0.06667147815752805
5192,201954,"Collison, Darren",198.0,457.0,0.43326039387308535,0.4437559733971522,0.010495579524066878
5193,202682,"Williams, Derrick",115.0,229.0,0.5021834061135371,0.4438206309666775,-0.05836277514685956
5201,201171,"Landry, Carl",108.0,258.0,0.4186046511627907,0.4627041498886872,0.04409949872589647
5232,201589,"Arthur, Darrell",133.0,270.0,0.4925925925925926,0.4593519651613021,-0.03324062743129047
5332,201942,"DeRozan, DeMar",123.0,265.0,0.4641509433962264,0.4579003474005001,-0.006250595995726305
5359,202714,"Mack, Shelvin",47.0,95.0,0.49473684210526314,0.4343835407576225,-0.060353301347640664
5389,201943,"Jennings, Brandon",116.0,257.0,0.45136186770428016,0.4471541608088372,-0.004207706895442975
5391,2406,"Butler, Caron",137.0,289.0,0.4740484429065744,0.4525930581012271,-0.02145538480534731
5470,204028,"Black, Tarik",120.0,237.0,0.5063291139240507,0.46580583784366997,-0.0405232760803807
5475,203093,"Jones, Terrence",72.0,189.0,0.38095238095238093,0.46152661798035854,0.08057423702797761
5487,203254,"Green, JaMychal",1.0,10.0,0.1,0.45821976435550205,0.35821976435550207
5538,203492,"McCallum, Ray",103.0,214.0,0.48130841121495327,0.4399605388625019,-0.041347872352451354
5622,202399,"Adrien, Jeff",35.0,65.0,0.5384615384615384,0.4685492970546021,-0.06991224140693636
5688,2501,"Evans, Reggie",87.0,171.0,0.5087719298245614,0.48034163965705556,-0.028430290167505867
5689,200797,"Hollins, Ryan",68.0,137.0,0.49635036496350365,0.4804758433332053,-0.015874521630298344
5798,203123,"Papanikolaou, Kostas",91.0,207.0,0.4396135265700483,0.45512345617045713,0.015509929600408812
5804,2202,"Richardson, Jason",20.0,45.0,0.4444444444444444,0.4534378092142242,0.0089933647697798
5807,203080,"Robinson, Thomas",54.0,129.0,0.4186046511627907,0.4604220432054752,0.041817392042684476
5859,2744,"Jefferson, Al",281.0,557.0,0.5044883303411131,0.4818043789151191,-0.022683951425993942
5975,708,"Garnett, Kevin",92.0,213.0,0.431924882629108,0.4709624873896129,0.039037604760504885
6318,203105,"Ezeli, Festus",61.0,117.0,0.5213675213675214,0.46931652121908557,-0.05205100014843583
7129,203898,"Ennis, Tyler",14.0,39.0,0.358974358974359,0.42777410197093463,0.06879974299657565
7164,203917,"Stauskas, Nik",90.0,201.0,0.44776119402985076,0.43163623786561506,-0.016124956164235704
7286,202689,"Walker, Kemba",215.0,500.0,0.43,0.4443901496854059,0.014390149685405917
7287,203148,"Roberts, Brian",118.0,278.0,0.4244604316546763,0.44038038953964326,0.015919957884966973
7292,2457,"Pargo, Jannero",4.0,12.0,0.3333333333333333,0.4495121821693868,0.1161788488360535
7308,1889,"Miller, Andre",48.0,154.0,0.3116883116883117,0.434543013483989,0.12285470179567731
7336,2742,"Telfair, Sebastian",30.0,72.0,0.4166666666666667,0.4293516526053838,0.012684985938717142
7394,203462,"Goodwin, Archie",14.0,30.0,0.4666666666666667,0.4519373755218331,-0.014729291144833567
7546,203798,"Hairston, PJ",62.0,132.0,0.4696969696969697,0.44213181380725847,-0.027565155889711257
7548,202390,"Neal, Gary",96.0,199.0,0.4824120603015075,0.44056878559945634,-0.04184327470205118
7581,203926,"McDermott, Doug",24.0,49.0,0.4897959183673469,0.4430158666695231,-0.04678005169782384
8679,202355,"Whiteside, Hassan",93.0,216.0,0.4305555555555556,0.4791012887845471,0.04854573322899153
8681,201563,"Beasley, Michael",14.0,30.0,0.4666666666666667,0.47753871337764037,0.010872046710973693
8692,202362,"Stephenson, Lance",118.0,266.0,0.44360902255639095,0.45095504845282436,0.007346025896433406
8773,203932,"Gordon, Aaron",52.0,115.0,0.45217391304347826,0.4594232471396248,0.007249334096146531
8861,203489,"Wolters, Nate",16.0,51.0,0.3137254901960784,0.43168580372203047,0.11796031352595204
8991,202734,"Moore, E'Twaun",24.0,62.0,0.3870967741935484,0.446257132290428,0.05916035809687964
9094,2400,"Gooden, Drew",46.0,115.0,0.4,0.4593493510989336,0.05934935109893358
9295,204020,"Johnson, Tyler",27.0,56.0,0.48214285714285715,0.43990758216442,-0.042235274978437154
9304,201611,"Walker, Henry",22.0,44.0,0.5,0.47148941189060184,-0.02851058810939816
9317,203106,"Taylor, Jeff",11.0,23.0,0.4782608695652174,0.41314735247138906,-0.06511351709382834
9349,202379,"Evans, Jeremy",13.0,32.0,0.40625,0.46522507338009195,0.05897507338009195
9448,203144,"Shved, Alexey",59.0,107.0,0.5514018691588785,0.4431245599874588,-0.10827730917141964
9552,101183,"Randolph, Shavlik",20.0,45.0,0.4444444444444444,0.4506097812511814,0.006165336806736976
9632,203539,"Mekel, Gal",2.0,9.0,0.2222222222222222,0.4485873284028893,0.22636510618066708
9812,530027,"Pondexter, Quincy",19.0,46.0,0.41304347826086957,0.4199789387276449,0.006935460466775345
10237,101128,"Garcia, Francisco",19.0,47.0,0.40425531914893614,0.43877087176679413,0.03451555261785799
10468,201604,"Douglas-Roberts, Chris",11.0,13.0,0.8461538461538461,0.43850227757802396,-0.4076515685758222
10550,202407,"Millsap, Elijah",45.0,128.0,0.3515625,0.4396327018531813,0.08807020185318132
10835,101131,"Maxiell, Jason",79.0,176.0,0.44886363636363635,0.4777820652625529,0.02891842889891655
11467,201858,"Martin, Cartier",24.0,41.0,0.5853658536585366,0.43653722084458857,-0.14882863281394798
11874,203540,"Datome, Gigi",1.0,4.0,0.25,0.3979758986873511,0.14797589868735112
12797,202327,"Udoh, Ekpe",3.0,13.0,0.23076923076923078,0.43002715021748467,0.19925791944825388
13137,201964,"Claver, Victor",9.0,16.0,0.5625,0.452943288125891,-0.10955671187410898
13413,201937,"Rubio, Ricky",71.0,157.0,0.45222929936305734,0.4538954536083958,0.001666154245338447
13415,201593,"Pekovic, Nikola",121.0,266.0,0.4548872180451128,0.4797805746337098,0.024893356588597038
13448,203296,"Miller, Quincy",7.0,17.0,0.4117647058823529,0.48981482610525506,0.07805012022290214
13748,203141,"Teletovic, Mirza",132.0,282.0,0.46808510638297873,0.4581262656098469,-0.009958840773131805
13764,203937,"Anderson, Kyle",31.0,67.0,0.4626865671641791,0.44014294047853436,-0.022543626685644746
13838,2755,"Martin, Kevin",72.0,146.0,0.4931506849315068,0.4408623633001995,-0.05228832163130731
13925,203546,"Clark, Ian",12.0,27.0,0.4444444444444444,0.46061362550633406,0.016169181061889637
13934,203511,"Jerrett, Grant",2.0,4.0,0.5,0.4678131070818672,-0.032186892918132815
13937,202952,"Thomas, Malcolm",27.0,51.0,0.5294117647058824,0.457466921977393,-0.07194484272848933
13966,2422,"Salmons, John",26.0,45.0,0.5777777777777777,0.4499255181963923,-0.1278522595813854
14259,101109,"Felton, Raymond",10.0,20.0,0.5,0.4438459278990982,-0.056154072100901786
14681,203910,"Johnson, Nick",17.0,46.0,0.3695652173913043,0.4548065993933232,0.08524138200201886
14692,203991,"Capela, Clint",2.0,4.0,0.5,0.5463277303966216,0.046327730396621636
14964,203099,"Cunningham, Jared",4.0,11.0,0.36363636363636365,0.4650134527472694,0.10137708911090576
16006,101236,"Hayes, Charles",27.0,60.0,0.45,0.4662643425374595,0.01626434253745951
17805,1905,"Kirilenko, Andrei",4.0,9.0,0.4444444444444444,0.42844213053737124,-0.016002313907073185
19148,203268,"Gutierrez, Jorge",10.0,30.0,0.3333333333333333,0.4193845532006646,0.08605121986733127
19427,203580,"Drew, Larry",22.0,44.0,0.5,0.44615197270402074,-0.05384802729597926
19560,203950,"Stokes, Jarnell",11.0,19.0,0.5789473684210527,0.45364699750772464,-0.12530037091332802
20891,203943,"Vonleh, Noah",8.0,27.0,0.2962962962962963,0.4284717382116644,0.13217544191536812
20904,203805,"Cherry, Will",8.0,19.0,0.42105263157894735,0.43753955486681384,0.016486923287866495
20938,203939,"Powell, Dwight",18.0,51.0,0.35294117647058826,0.45626246203623,0.10332128556564174
22463,203940,"Payne, Adreian",25.0,44.0,0.5681818181818182,0.4746843803031034,-0.09349743787871484
27932,101142,"Turiaf, Ronny",3.0,3.0,1.0,0.4635383253677674,-0.5364616746322326
30920,203946,"Bairstow, Cameron",5.0,12.0,0.4166666666666667,0.5019393203116189,0.08527265364495223
31088,203098,"Jenkins, John",5.0,16.0,0.3125,0.4318135809309869,0.11931358093098687
32041,203564,"Lucas, Kalin",0.0,1.0,0.0,0.4172749391727494,0.4172749391727494
32106,203187,"Johnson, Chris",23.0,57.0,0.40350877192982454,0.4436207796777383,0.040112007747913736
32268,2030,"Martin, Kenyon",8.0,25.0,0.32,0.44328522530222064,0.12328522530222064
32753,200745,"Bargnani, Andrea",45.0,74.0,0.6081081081081081,0.4711288866485207,-0.1369792214595874
34324,203318,"Rice Jr., Glen",4.0,8.0,0.5,0.4145214681537117,-0.08547853184628829
34500,203933,"Warren, TJ",24.0,40.0,0.6,0.4352939355374574,-0.1647060644625426
35761,203485,"Brown, Lorenzo",13.0,31.0,0.41935483870967744,0.4180615546076467,-0.0012932841020307229
36764,203945,"Kirk, Alex",3.0,3.0,1.0,0.5443974825045809,-0.45560251749541913
37338,204079,"Gordon, Drew",9.0,18.0,0.5,0.45686169792432857,-0.04313830207567143
44539,202343,"Williams, Elliot",10.0,14.0,0.7142857142857143,0.4464737310225242,-0.2678119832631901
45218,202235,"Dos Santos, Atila",4.0,11.0,0.36363636363636365,0.40864111168652223,0.04500474805015858
46242,2563,"Jones, Dahntay",5.0,11.0,0.45454545454545453,0.41652376669287294,-0.03802168785258159
48840,203906,"Marble, Devyn",25.0,51.0,0.49019607843137253,0.44913607180268084,-0.04106000662869169
49345,201880,"Stiemsma, Greg",4.0,12.0,0.3333333333333333,0.47961557799715243,0.14628224466381912
52434,203512,"Nogueira, Lucas",6.0,6.0,1.0,0.4872751893982653,-0.5127248106017347
57473,2853,"Barron, Earl",3.0,5.0,0.6,0.46543381347852397,-0.134566186521476
58494,1737,"Mohammed, Nazr",8.0,22.0,0.36363636363636365,0.4681469258137728,0.10451056217740917
61471,203949,"McAdoo, James Michael",4.0,5.0,0.8,0.4486289077971565,-0.35137109220284357
62460,203121,"Miller, Darius",5.0,11.0,0.45454545454545453,0.46475528532682253,0.010209830781368001
63689,202706,"Hamilton, Jordan",6.0,12.0,0.5,0.4497410569825267,-0.0502589430174733
68642,204054,"Dragic, Zoran",0.0,2.0,0.0,0.427934988194031,0.427934988194031
73086,203565,"Christopher, Patrick",6.0,8.0,0.75,0.4333337917812213,-0.3166662082187787
73295,203958,"Dawkins, Andre",2.0,5.0,0.4,0.4005307081844271,0.0005307081844270756
74922,203545,"Raduljica, Miroslav",1.0,1.0,1.0,0.5833333333333334,-0.41666666666666663
75672,203998,"Caboclo, Bruno",0.0,1.0,0.0,0.49554896142433236,0.49554896142433236
79778,203961,"Moreland, Eric",1.0,1.0,1.0,0.44166666666666665,-0.5583333333333333
90592,203944,"Randle, Julius",2.0,2.0,1.0,0.46354637089490225,-0.5364536291050978
100170,203495,"Ledo, Ricky",0.0,1.0,0.0,0.34408602150537637,0.34408602150537637
121793,203315,"Murry, Toure",1.0,1.0,1.0,0.41379310344827586,-0.5862068965517242
